{
  "loss": 2.899678783295186,
  "acc1": 18.768085985944605,
  "acc5": 55.35345183960314,
  "gesture_acc": 18.68540719305498,
  "speed_acc": 32.120711037618854,
  "handedness_acc": 81.06655642827614
}