{
  "loss": 1.2273459150210808,
  "acc1": 69.28482844150476,
  "acc5": 89.66515088879703,
  "gesture_acc": 96.77552707730467,
  "speed_acc": 74.49359239355105,
  "handedness_acc": 94.04712691194709
}